Name,,IBAN
A,KIRI,DE89850643171390053293
A,BARTHWAL,DE89393352904228421020
A,PANCHAL,DE89950240268117758917
A,SHARMA,DE89084700766177115921
A,FERNANDO,DE89698478961183673657
A,PALANIYAPPAN,DE89565452711116152809
A,MOBASSERI,DE89851656049451983273
A,SHARMA,DE89585149368998094024
X,LIN,DE89455022961201836675
A,RAJKUMAR,DE89599102290147679764
A,PULUGULA,DE89561497840369003432
A,PALANIVEL,DE89451076226838851606
A,OJHA,DE89596966416052975161
A,GULERIA,DE89816453521818835523
B,BHAGWANDEEN,DE89329212779979955271
C,BATEMANABIN,DE89490581477005411998
C,CELESTINE,DE89793597820715182037
C,SHEKAR,DE89554665905151864492
C,CUI,DE89546291486528168505
D,GALLA,DE89573322141888059296
D,JOSEPH,DE89927065379473834735
D,ILLAL,DE89746886239240758181
D,SADASIVANNAIR,DE89478261375060685361
D,HUSSAIN,DE89515220472779010432
D,HARIDOSS,DE89861434103697117980
E,DHANANASEKARAN,DE89932460953962185188
F,SODIPO,DE89880670654051531952
G,PATEL,DE89527722170430305486
G,ZEIDAN,DE89034505415667652775
H,VIRDEE,DE89616928451154479627
S,AFTAB,DE89964016582029702135
J,GAN,DE89092755719285654310
A,NAYAK,DE89786814473947312172
B,CHAMALA,DE89715518844225831323
C,ELCHURI,DE89058957829114678669
E,GHINGA,DE89177852892268018242
F,SHEN,DE89358414384249818299
K,LUK,DE89900109439690784473
A,ANWAR,DE89471027677359255562
F,FOK,DE89881537147321046963
A,ALLEN,DE89259532787747016873
A,MAGPANTAY,DE89004797480162456506
A,SWAIN,DE89584168784991216558
D,MIASEK,DE89239868000257872982
A,KORICHI,DE89269495888794705516
A,RICHARD,DE89097499309728962309
A,SHETTY,DE89130756263689702838
A,PUSHPARAJ,DE89865278585497334843
B,SINGH,DE89437575844198665240
C,VITTA,DE89574733848421993308
D,ZHANG,DE89657120826773454019
D,FERGUSON,DE89026206724004991547
D,CHUTANI,DE89887287431527420549
D,DESIATKOV,DE89329668516122753046
E,WONDIMU,DE89549904530174268414
G,MAHARAJ,DE89727956878339187851
H,SHANKARAPPA,DE89839822587139718707
S,JIA,DE89874064039106518017
L,JIN,DE89265676618251286823
M,SHAH,DE89047868633752431069
L,CAPUNITAN,DE89033119079030673830
J,WU,DE89395995342836440892
,,DE89056856624628733427
,,DE89882634351751830469
,,DE89398373540331739363
,,DE89678544587717535560
,,DE89048996423536937854
,,DE89772522872808010062
,,DE89312038750997700886
,,DE89840862118233984546